<PAMDataset>
  <Metadata>
    <MDI key="DataType">Generic</MDI>
  </Metadata>
  <Metadata domain="Esri">
    <MDI key="PyramidResamplingType">NEAREST</MDI>
  </Metadata>
  <PAMRasterBand band="1">
    <Histograms>
      <HistItem>
        <HistMin>0</HistMin>
        <HistMax>51389.140625</HistMax>
        <BucketCount>256</BucketCount>
        <IncludeOutOfRange>1</IncludeOutOfRange>
        <Approximate>0</Approximate>
        <HistCounts>158770|71131|34778|20094|10196|13089|7986|5495|3196|2782|1894|1306|976|877|1187|1154|1384|1063|619|515|406|386|322|315|493|342|294|337|203|232|219|284|202|188|176|153|180|169|161|158|132|130|111|119|105|115|124|94|136|120|88|86|89|112|117|59|64|87|111|50|60|42|46|64|66|73|111|89|68|55|79|40|93|109|84|70|49|77|101|102|115|55|52|59|33|21|17|31|20|19|29|27|31|30|42|57|10|10|20|27|28|27|50|49|42|20|18|14|22|22|25|33|39|47|8|12|10|9|7|7|12|5|2|9|4|8|2|9|7|3|6|3|4|8|8|7|12|23|70|55|101|98|42|3|2|1|7|1|2|3|8|4|6|7|3|5|9|6|11|6|8|18|19|18|2|1|1|3|0|1|4|5|6|1|6|6|3|3|5|4|6|3|6|3|4|2|2|4|0|5|0|1|2|1|1|2|3|2|2|1|2|1|1|1|4|5|3|6|5|7|11|5|0|0|8|4|14|0|0|0|0|0|0|0|0|0|0|1|0|1|1|0|1|0|0|0|0|0|0|1|1|0|1|2|0|2|4|2|2|4|9|6|6|18|14|1</HistCounts>
      </HistItem>
    </Histograms>
    <Metadata>
      <MDI key="STATISTICS_MINIMUM">0</MDI>
      <MDI key="STATISTICS_MAXIMUM">51389.140625</MDI>
      <MDI key="STATISTICS_MEAN">793.48267403349</MDI>
      <MDI key="STATISTICS_STDDEV">2455.6142636976</MDI>
      <MDI key="STATISTICS_SKIPFACTORX">1</MDI>
      <MDI key="STATISTICS_SKIPFACTORY">1</MDI>
      <MDI key="STATISTICS_EXCLUDEDVALUES"></MDI>
      <MDI key="STATISTICS_COVARIANCES">6030041.41207533</MDI>
    </Metadata>
  </PAMRasterBand>
</PAMDataset>
