<PAMDataset>
  <Metadata>
    <MDI key="DataType">Generic</MDI>
  </Metadata>
  <Metadata domain="Esri">
    <MDI key="PyramidResamplingType">NEAREST</MDI>
  </Metadata>
  <PAMRasterBand band="1">
    <Histograms>
      <HistItem>
        <HistMin>0</HistMin>
        <HistMax>870.7781372070313</HistMax>
        <BucketCount>256</BucketCount>
        <IncludeOutOfRange>1</IncludeOutOfRange>
        <Approximate>0</Approximate>
        <HistCounts>300138|26102|8045|4079|2521|1692|1302|1060|860|709|545|521|542|390|401|348|329|301|263|255|244|188|205|185|196|151|173|177|158|127|142|119|136|120|121|104|118|115|119|97|88|85|83|94|84|79|89|77|84|71|59|54|70|58|49|47|58|52|46|56|57|32|38|29|39|44|38|34|33|39|34|34|35|28|25|46|27|33|43|36|43|25|29|24|33|29|27|37|38|38|31|34|28|27|29|26|19|17|21|17|14|16|16|17|8|8|9|8|6|8|8|12|11|3|5|1|0|1|1|3|2|5|3|3|2|1|3|0|1|4|2|0|2|2|0|2|0|0|1|2|1|0|1|1|0|0|0|1|0|0|1|0|0|2|0|0|0|0|0|0|0|0|0|0|0|0|0|0|0|0|0|0|0|0|0|0|0|0|0|0|0|0|0|0|0|0|0|0|0|0|0|0|0|0|0|0|0|1|0|0|0|0|0|2|0|0|0|0|0|0|0|0|0|0|0|0|0|0|0|0|0|0|0|0|0|0|0|0|1|0|0|0|0|0|0|0|0|0|0|0|0|0|0|0|0|0|0|0|0|0|0|0|0|0|0|1</HistCounts>
      </HistItem>
    </Histograms>
    <Metadata>
      <MDI key="STATISTICS_MINIMUM">0</MDI>
      <MDI key="STATISTICS_MAXIMUM">870.77813720703</MDI>
      <MDI key="STATISTICS_MEAN">4.9959887777105</MDI>
      <MDI key="STATISTICS_STDDEV">23.808774358776</MDI>
      <MDI key="STATISTICS_SKIPFACTORX">1</MDI>
      <MDI key="STATISTICS_SKIPFACTORY">1</MDI>
      <MDI key="STATISTICS_EXCLUDEDVALUES"></MDI>
      <MDI key="STATISTICS_COVARIANCES">566.857736467123</MDI>
    </Metadata>
  </PAMRasterBand>
</PAMDataset>
