<PAMDataset>
  <Metadata>
    <MDI key="DataType">Generic</MDI>
  </Metadata>
  <Metadata domain="Esri">
    <MDI key="PyramidResamplingType">NEAREST</MDI>
  </Metadata>
  <PAMRasterBand band="1">
    <Histograms>
      <HistItem>
        <HistMin>0</HistMin>
        <HistMax>71079.203125</HistMax>
        <BucketCount>256</BucketCount>
        <IncludeOutOfRange>1</IncludeOutOfRange>
        <Approximate>0</Approximate>
        <HistCounts>211165|89445|21624|7413|4054|2416|1887|1346|1057|837|739|639|539|442|399|339|301|268|223|226|202|166|161|130|146|127|142|110|97|87|75|83|91|57|74|61|60|46|43|47|59|45|30|33|31|35|36|31|35|27|29|31|24|27|19|16|16|17|11|12|20|13|13|12|12|9|9|8|6|11|8|13|9|11|9|9|7|8|11|2|14|5|5|6|2|1|3|4|5|8|3|7|2|1|1|3|2|6|1|3|1|2|0|0|7|0|2|1|2|1|4|1|0|1|4|2|3|2|2|1|1|1|1|3|0|2|2|1|0|1|0|0|1|1|0|0|1|1|1|2|0|1|0|2|1|0|1|1|1|0|1|2|0|1|0|0|0|0|0|1|0|1|1|0|0|1|0|2|2|1|0|1|0|1|0|0|1|0|0|1|0|0|0|0|0|0|1|0|1|1|0|0|0|0|0|0|0|0|0|2|0|0|1|0|1|0|0|0|0|0|0|1|0|0|0|1|0|0|0|0|0|0|0|0|0|0|0|0|1|0|0|1|0|0|0|0|0|0|0|0|0|0|0|0|0|0|0|0|0|0|0|0|0|0|0|1</HistCounts>
      </HistItem>
    </Histograms>
    <Metadata>
      <MDI key="STATISTICS_MINIMUM">0</MDI>
      <MDI key="STATISTICS_MAXIMUM">71079.203125</MDI>
      <MDI key="STATISTICS_MEAN">427.76680142333</MDI>
      <MDI key="STATISTICS_STDDEV">1275.529450168</MDI>
      <MDI key="STATISTICS_SKIPFACTORX">1</MDI>
      <MDI key="STATISTICS_SKIPFACTORY">1</MDI>
      <MDI key="STATISTICS_EXCLUDEDVALUES"></MDI>
      <MDI key="STATISTICS_COVARIANCES">1626975.37824595</MDI>
    </Metadata>
  </PAMRasterBand>
</PAMDataset>
