<PAMDataset>
  <Metadata>
    <MDI key="DataType">Generic</MDI>
  </Metadata>
  <Metadata domain="Esri">
    <MDI key="PyramidResamplingType">NEAREST</MDI>
  </Metadata>
  <PAMRasterBand band="1">
    <Histograms>
      <HistItem>
        <HistMin>81</HistMin>
        <HistMax>2070711</HistMax>
        <BucketCount>256</BucketCount>
        <IncludeOutOfRange>1</IncludeOutOfRange>
        <Approximate>0</Approximate>
        <HistCounts>309885|22988|6286|3273|1538|2101|833|428|375|271|164|152|130|71|81|48|47|58|54|45|17|6|4|13|26|17|17|15|15|23|27|24|20|17|16|14|9|9|7|9|4|7|6|2|0|0|1|3|3|3|4|2|2|5|1|3|1|1|2|5|2|3|3|0|3|1|0|0|0|0|0|0|0|0|0|0|0|0|0|0|0|0|0|0|0|0|0|0|0|0|0|0|0|0|0|0|0|0|0|0|0|1|0|0|0|0|0|1|1|1|0|0|2|1|0|2|2|0|0|0|0|1|0|2|4|0|0|0|0|0|0|0|0|0|0|0|0|0|0|0|0|0|0|0|0|0|0|0|0|0|0|0|0|0|0|0|0|0|0|0|0|0|0|0|0|0|0|0|0|0|0|0|0|0|0|0|0|0|0|0|0|0|0|0|0|0|0|0|0|0|0|0|0|0|0|0|0|0|0|0|0|0|0|0|0|0|0|1|0|0|0|0|0|1|0|1|1|0|0|0|0|0|0|0|0|0|0|0|2|0|0|0|0|0|0|0|0|0|0|0|1|0|0|0|0|0|1|0|0|0|0|0|0|0|0|1</HistCounts>
      </HistItem>
    </Histograms>
    <Metadata>
      <MDI key="STATISTICS_MINIMUM">81</MDI>
      <MDI key="STATISTICS_MAXIMUM">2070711</MDI>
      <MDI key="STATISTICS_MEAN">4515.9307270056</MDI>
      <MDI key="STATISTICS_STDDEV">17332.459308371</MDI>
      <MDI key="STATISTICS_SKIPFACTORX">1</MDI>
      <MDI key="STATISTICS_SKIPFACTORY">1</MDI>
      <MDI key="STATISTICS_EXCLUDEDVALUES"></MDI>
      <MDI key="STATISTICS_COVARIANCES">300414145.676353</MDI>
    </Metadata>
  </PAMRasterBand>
</PAMDataset>
