<PAMDataset>
  <Metadata>
    <MDI key="DataType">Generic</MDI>
  </Metadata>
  <Metadata domain="Esri">
    <MDI key="PyramidResamplingType">NEAREST</MDI>
  </Metadata>
  <PAMRasterBand band="1">
    <Histograms>
      <HistItem>
        <HistMin>0</HistMin>
        <HistMax>93770.609375</HistMax>
        <BucketCount>256</BucketCount>
        <IncludeOutOfRange>1</IncludeOutOfRange>
        <Approximate>0</Approximate>
        <HistCounts>258995|49444|13916|6725|3984|2790|2083|1462|1196|884|771|632|545|465|422|382|322|283|234|223|158|149|160|135|127|132|119|77|82|84|81|52|59|58|38|48|48|38|49|34|32|29|34|22|23|28|21|27|20|16|28|16|13|15|17|17|20|10|11|15|12|10|19|9|17|9|11|10|11|10|7|12|9|9|12|11|2|3|6|9|8|9|6|7|10|7|8|4|5|4|6|5|5|6|0|1|4|6|1|3|1|1|7|2|2|2|3|3|2|3|2|3|3|2|3|0|0|3|1|2|0|1|1|1|3|0|1|5|0|2|1|3|2|1|1|1|1|1|1|0|0|1|1|1|1|0|1|1|0|2|0|0|0|2|1|0|1|0|0|1|0|0|1|0|1|0|3|0|1|1|0|3|0|0|2|0|0|1|1|1|2|0|0|0|0|0|1|1|0|0|1|0|0|0|0|0|0|0|0|0|0|0|0|0|0|0|0|1|0|0|0|0|0|1|0|0|1|0|0|0|0|0|0|0|0|0|0|0|0|0|0|0|0|0|0|0|0|1|0|0|0|0|0|0|0|0|0|0|0|0|0|0|0|0|0|1</HistCounts>
      </HistItem>
    </Histograms>
    <Metadata>
      <MDI key="STATISTICS_MINIMUM">0</MDI>
      <MDI key="STATISTICS_MAXIMUM">93770.609375</MDI>
      <MDI key="STATISTICS_MEAN">486.19362821064</MDI>
      <MDI key="STATISTICS_STDDEV">1680.194157559</MDI>
      <MDI key="STATISTICS_SKIPFACTORX">1</MDI>
      <MDI key="STATISTICS_SKIPFACTORY">1</MDI>
      <MDI key="STATISTICS_EXCLUDEDVALUES"></MDI>
      <MDI key="STATISTICS_COVARIANCES">2823052.4070955</MDI>
    </Metadata>
  </PAMRasterBand>
</PAMDataset>
