<PAMDataset>
  <Metadata>
    <MDI key="DataType">Generic</MDI>
  </Metadata>
  <Metadata domain="Esri">
    <MDI key="PyramidResamplingType">NEAREST</MDI>
  </Metadata>
  <PAMRasterBand band="1">
    <Histograms>
      <HistItem>
        <HistMin>0</HistMin>
        <HistMax>670.790771484375</HistMax>
        <BucketCount>256</BucketCount>
        <IncludeOutOfRange>1</IncludeOutOfRange>
        <Approximate>0</Approximate>
        <HistCounts>265715|32474|11757|6698|4559|3392|2589|2070|1732|1494|1276|1071|1006|892|834|691|673|610|577|538|535|455|458|430|381|358|378|363|316|338|300|310|347|286|291|273|243|249|259|254|232|229|252|209|230|179|225|209|203|229|200|211|206|180|188|191|171|185|178|176|187|163|161|177|145|134|139|120|124|108|106|113|123|92|104|81|83|82|82|69|64|72|66|59|73|65|61|56|64|57|58|46|51|48|42|52|41|41|45|28|54|49|39|36|46|38|41|35|36|48|21|28|34|25|29|20|20|22|12|18|15|16|9|11|11|7|8|5|7|8|5|4|8|10|4|10|8|5|4|1|1|4|2|7|1|2|3|3|3|2|3|3|1|2|3|0|1|3|1|1|3|1|2|2|0|1|0|0|6|0|2|0|1|2|0|1|0|0|1|0|1|1|0|0|1|0|0|0|1|0|0|0|0|0|0|0|0|1|0|0|0|0|0|0|0|1|0|0|0|0|0|0|0|0|0|0|0|0|0|0|0|0|0|0|0|0|0|0|0|0|0|0|0|0|1|0|0|0|0|0|0|0|0|0|0|0|1|0|0|0|0|0|0|0|0|1</HistCounts>
      </HistItem>
    </Histograms>
    <Metadata>
      <MDI key="STATISTICS_MINIMUM">0</MDI>
      <MDI key="STATISTICS_MAXIMUM">670.79077148438</MDI>
      <MDI key="STATISTICS_MEAN">8.4664820861821</MDI>
      <MDI key="STATISTICS_STDDEV">30.279354638429</MDI>
      <MDI key="STATISTICS_SKIPFACTORX">1</MDI>
      <MDI key="STATISTICS_SKIPFACTORY">1</MDI>
      <MDI key="STATISTICS_EXCLUDEDVALUES"></MDI>
      <MDI key="STATISTICS_COVARIANCES">916.839317319768</MDI>
    </Metadata>
  </PAMRasterBand>
</PAMDataset>
