<PAMDataset>
  <Metadata>
    <MDI key="DataType">Generic</MDI>
  </Metadata>
  <Metadata domain="Esri">
    <MDI key="PyramidResamplingType">NEAREST</MDI>
  </Metadata>
  <PAMRasterBand band="1">
    <Histograms>
      <HistItem>
        <HistMin>0</HistMin>
        <HistMax>72126.8046875</HistMax>
        <BucketCount>256</BucketCount>
        <IncludeOutOfRange>1</IncludeOutOfRange>
        <Approximate>0</Approximate>
        <HistCounts>214182|86946|20799|7067|3845|2583|1887|1373|1112|946|790|636|515|479|374|380|349|261|256|233|239|187|180|165|190|149|137|98|112|97|84|85|78|70|82|60|60|48|56|50|58|53|45|37|39|29|31|24|24|28|27|23|29|18|24|18|28|22|19|19|18|19|19|17|9|15|11|11|15|17|11|12|14|15|11|10|9|6|3|12|5|9|6|1|3|8|6|0|11|6|6|7|7|4|3|4|2|5|3|6|0|3|2|4|3|2|2|4|1|2|5|1|3|1|0|2|5|0|2|3|2|0|1|2|2|1|2|4|0|1|0|0|0|2|3|2|1|0|0|0|1|1|1|1|0|0|2|1|1|2|1|0|1|2|1|3|0|3|2|1|2|1|0|1|1|1|0|0|0|0|0|2|0|0|1|0|0|1|0|1|2|0|0|2|0|0|0|0|0|0|0|0|0|1|0|0|0|0|1|1|0|2|0|1|0|0|0|0|0|1|0|0|0|1|0|0|0|0|1|0|1|0|0|1|0|0|0|0|0|0|0|0|1|0|0|0|0|0|0|0|0|0|0|1|0|0|0|0|0|0|0|0|0|0|0|1</HistCounts>
      </HistItem>
    </Histograms>
    <Metadata>
      <MDI key="STATISTICS_MINIMUM">0</MDI>
      <MDI key="STATISTICS_MAXIMUM">72126.8046875</MDI>
      <MDI key="STATISTICS_MEAN">446.81604766935</MDI>
      <MDI key="STATISTICS_STDDEV">1408.24263049</MDI>
      <MDI key="STATISTICS_SKIPFACTORX">1</MDI>
      <MDI key="STATISTICS_SKIPFACTORY">1</MDI>
      <MDI key="STATISTICS_EXCLUDEDVALUES"></MDI>
      <MDI key="STATISTICS_COVARIANCES">1983147.30632941</MDI>
    </Metadata>
  </PAMRasterBand>
</PAMDataset>
