<PAMDataset>
  <Metadata>
    <MDI key="DataType">Generic</MDI>
  </Metadata>
  <Metadata domain="Esri">
    <MDI key="PyramidResamplingType">NEAREST</MDI>
  </Metadata>
  <PAMRasterBand band="1">
    <Histograms>
      <HistItem>
        <HistMin>185</HistMin>
        <HistMax>1698408</HistMax>
        <BucketCount>256</BucketCount>
        <IncludeOutOfRange>1</IncludeOutOfRange>
        <Approximate>0</Approximate>
        <HistCounts>280439|36733|13766|5691|3445|2197|1563|777|559|881|756|393|337|353|212|168|231|123|90|56|29|25|23|15|26|22|33|50|84|102|67|42|26|12|15|15|6|7|7|10|11|14|14|13|9|12|5|4|10|13|15|8|4|7|10|4|7|9|6|12|10|11|24|18|13|6|19|7|3|6|6|3|0|0|1|1|3|0|1|1|1|3|5|0|0|0|0|0|0|1|1|0|1|3|2|4|2|0|2|2|2|1|2|0|0|0|2|1|0|4|1|2|1|0|0|0|0|0|0|0|0|0|0|0|1|0|1|0|0|2|0|0|1|0|0|0|0|0|0|0|0|0|0|0|0|0|0|0|0|0|0|0|0|0|0|0|0|0|0|0|0|0|0|0|0|0|0|0|0|0|0|0|0|0|0|0|0|0|0|0|0|0|0|0|0|0|0|0|0|0|0|0|0|0|0|0|0|0|0|0|0|0|1|0|0|0|2|0|0|0|2|1|0|2|0|0|0|0|1|1|2|0|0|0|0|1|0|0|0|0|0|0|0|0|0|0|0|0|0|0|0|0|0|0|0|0|1|0|0|0|0|0|0|0|0|1</HistCounts>
      </HistItem>
    </Histograms>
    <Metadata>
      <MDI key="STATISTICS_MINIMUM">185</MDI>
      <MDI key="STATISTICS_MAXIMUM">1698408</MDI>
      <MDI key="STATISTICS_MEAN">6486.0524832103</MDI>
      <MDI key="STATISTICS_STDDEV">21265.359729671</MDI>
      <MDI key="STATISTICS_SKIPFACTORX">1</MDI>
      <MDI key="STATISTICS_SKIPFACTORY">1</MDI>
      <MDI key="STATISTICS_EXCLUDEDVALUES"></MDI>
      <MDI key="STATISTICS_COVARIANCES">452215524.43232</MDI>
    </Metadata>
  </PAMRasterBand>
</PAMDataset>
