<PAMDataset>
  <Metadata>
    <MDI key="DataType">Generic</MDI>
  </Metadata>
  <Metadata domain="Esri">
    <MDI key="PyramidResamplingType">NEAREST</MDI>
  </Metadata>
  <PAMRasterBand band="1">
    <Histograms>
      <HistItem>
        <HistMin>0</HistMin>
        <HistMax>107935.015625</HistMax>
        <BucketCount>256</BucketCount>
        <IncludeOutOfRange>1</IncludeOutOfRange>
        <Approximate>0</Approximate>
        <HistCounts>272055|40476|12383|5962|3634|2565|1839|1355|1022|865|668|599|505|444|385|352|272|231|213|174|169|140|143|109|135|107|91|76|90|58|59|55|51|46|43|55|33|36|31|24|37|38|32|20|14|23|19|22|23|6|19|9|14|21|11|15|16|18|12|9|13|11|12|12|14|11|11|7|7|9|6|9|9|9|11|13|6|7|7|9|7|8|4|3|7|5|6|7|5|9|2|1|7|5|6|6|3|6|2|1|5|1|1|1|2|0|2|2|2|1|4|1|3|0|4|1|2|2|2|1|0|2|2|2|0|2|0|3|0|1|0|0|1|1|1|1|2|0|1|4|0|1|1|0|2|1|1|1|0|0|0|1|0|1|0|0|0|0|0|0|0|2|0|1|2|2|1|0|0|0|1|1|2|1|1|0|0|0|1|1|0|0|0|0|0|0|0|0|0|0|0|0|1|0|0|0|0|1|0|0|0|1|0|0|0|0|0|0|0|0|0|0|0|0|0|0|0|0|1|0|0|0|0|0|0|0|0|0|0|0|0|0|0|0|0|0|0|0|0|0|0|0|0|0|0|1|0|0|0|0|0|0|0|0|0|1</HistCounts>
      </HistItem>
    </Histograms>
    <Metadata>
      <MDI key="STATISTICS_MINIMUM">0</MDI>
      <MDI key="STATISTICS_MAXIMUM">107935.015625</MDI>
      <MDI key="STATISTICS_MEAN">505.37967529996</MDI>
      <MDI key="STATISTICS_STDDEV">1838.3690383236</MDI>
      <MDI key="STATISTICS_SKIPFACTORX">1</MDI>
      <MDI key="STATISTICS_SKIPFACTORY">1</MDI>
      <MDI key="STATISTICS_EXCLUDEDVALUES"></MDI>
      <MDI key="STATISTICS_COVARIANCES">3379600.72106695</MDI>
    </Metadata>
  </PAMRasterBand>
</PAMDataset>
