<PAMDataset>
  <Metadata>
    <MDI key="DataType">Generic</MDI>
  </Metadata>
  <Metadata domain="Esri">
    <MDI key="PyramidResamplingType">NEAREST</MDI>
  </Metadata>
  <PAMRasterBand band="1">
    <Histograms>
      <HistItem>
        <HistMin>0</HistMin>
        <HistMax>657.24072265625</HistMax>
        <BucketCount>256</BucketCount>
        <IncludeOutOfRange>1</IncludeOutOfRange>
        <Approximate>0</Approximate>
        <HistCounts>218699|48192|16012|8778|5991|4351|3369|2972|2488|2066|1807|1648|1542|1471|1256|1234|1129|1052|964|919|855|822|829|758|711|718|672|684|637|618|599|629|588|618|553|578|517|557|522|496|546|518|470|472|440|471|505|449|428|442|387|409|372|429|390|368|347|349|295|323|300|312|309|297|278|294|248|264|244|233|219|240|235|244|234|200|185|175|196|174|183|182|137|169|149|140|118|133|112|127|104|96|116|97|84|87|74|95|82|85|76|70|69|67|77|66|60|61|59|45|52|39|36|33|37|46|33|20|30|24|23|24|11|11|16|16|10|11|20|7|6|8|10|10|10|7|9|2|10|7|11|5|4|4|2|5|6|3|2|5|2|3|4|5|2|3|2|5|5|1|2|5|2|4|1|2|2|4|2|2|3|2|1|4|0|2|0|1|0|1|1|1|0|0|1|1|1|1|0|0|0|0|0|0|1|0|0|0|0|0|0|0|0|0|0|1|0|0|0|1|0|0|1|0|0|1|0|0|0|0|0|0|0|0|0|0|0|0|0|0|0|0|0|0|0|0|0|0|0|0|0|0|0|0|0|0|0|0|0|0|0|0|0|0|0|1</HistCounts>
      </HistItem>
    </Histograms>
    <Metadata>
      <MDI key="STATISTICS_MINIMUM">0</MDI>
      <MDI key="STATISTICS_MAXIMUM">657.24072265625</MDI>
      <MDI key="STATISTICS_MEAN">14.628730469475</MDI>
      <MDI key="STATISTICS_STDDEV">39.948708380357</MDI>
      <MDI key="STATISTICS_SKIPFACTORX">1</MDI>
      <MDI key="STATISTICS_SKIPFACTORY">1</MDI>
      <MDI key="STATISTICS_EXCLUDEDVALUES"></MDI>
      <MDI key="STATISTICS_COVARIANCES">1595.89930125878</MDI>
    </Metadata>
  </PAMRasterBand>
</PAMDataset>
