<PAMDataset>
  <Metadata>
    <MDI key="DataType">Generic</MDI>
  </Metadata>
  <Metadata domain="Esri">
    <MDI key="PyramidResamplingType">NEAREST</MDI>
  </Metadata>
  <PAMRasterBand band="1">
    <Histograms>
      <HistItem>
        <HistMin>0</HistMin>
        <HistMax>81632.765625</HistMax>
        <BucketCount>256</BucketCount>
        <IncludeOutOfRange>1</IncludeOutOfRange>
        <Approximate>0</Approximate>
        <HistCounts>237500|67158|16729|7145|4108|2656|2016|1573|1249|956|765|668|540|487|408|373|329|289|258|232|210|183|166|139|144|131|117|88|98|95|77|66|54|63|68|53|44|59|39|40|52|30|27|31|38|29|26|29|29|22|17|26|24|19|16|17|8|24|14|16|13|22|13|14|11|13|17|12|9|16|12|7|7|7|10|5|11|13|4|9|5|8|5|5|6|7|5|4|5|5|5|5|2|9|5|6|3|2|4|4|4|2|5|4|4|1|3|1|3|4|2|0|0|1|4|1|4|1|2|2|1|0|1|2|0|0|2|0|1|2|3|2|1|2|0|3|1|1|0|3|0|1|1|0|1|3|1|1|1|0|2|1|0|0|0|2|1|1|2|1|1|0|1|0|1|4|1|0|1|1|0|1|0|1|0|0|0|0|0|0|1|0|2|0|2|0|0|1|0|1|1|1|0|0|0|1|0|0|1|0|0|0|0|0|0|0|0|0|0|0|1|0|0|0|0|0|0|0|0|0|0|0|0|1|0|0|0|0|1|0|0|0|0|1|0|0|0|0|0|0|0|0|0|0|0|0|0|0|0|0|0|0|0|0|0|1</HistCounts>
      </HistItem>
    </Histograms>
    <Metadata>
      <MDI key="STATISTICS_MINIMUM">0</MDI>
      <MDI key="STATISTICS_MAXIMUM">81632.765625</MDI>
      <MDI key="STATISTICS_MEAN">465.67842146955</MDI>
      <MDI key="STATISTICS_STDDEV">1530.6903712798</MDI>
      <MDI key="STATISTICS_SKIPFACTORX">1</MDI>
      <MDI key="STATISTICS_SKIPFACTORY">1</MDI>
      <MDI key="STATISTICS_EXCLUDEDVALUES"></MDI>
      <MDI key="STATISTICS_COVARIANCES">2343013.01272867</MDI>
    </Metadata>
  </PAMRasterBand>
</PAMDataset>
